<?xml version="1.0" encoding="utf-8" standalone="yes" ?>
<rss version="2.0" xmlns:atom="http://www.w3.org/2005/Atom">
  <channel>
    <title>Python on Shweta Luthra</title>
    <link>https://shwelu.github.io/tags/python/</link>
    <description>Recent content in Python on Shweta Luthra</description>
    <generator>Hugo -- gohugo.io</generator>
    <language>en-us</language>
    <copyright>&amp;copy; 2017 Shweta Luthra</copyright>
    <lastBuildDate>Mon, 10 Mar 2014 00:00:00 +0000</lastBuildDate>
    <atom:link href="/tags/python/" rel="self" type="application/rss+xml" />
    
    <item>
      <title>Migrate from Jekyll to Hugo</title>
      <link>https://shwelu.github.io/post/migrate-from-jekyll/</link>
      <pubDate>Mon, 10 Mar 2014 00:00:00 +0000</pubDate>
      
      <guid>https://shwelu.github.io/post/migrate-from-jekyll/</guid>
      <description>

&lt;p&gt;Here are a few tips for migrating an existing website from Jekyll to Hugo. These tips can be applied in conjunction with following Hugo Academic&amp;rsquo;s &lt;a href=&#34;https://shwelu.github.io/post/getting-started/&#34; target=&#34;_blank&#34;&gt;getting started guide&lt;/a&gt;.&lt;/p&gt;

&lt;h2 id=&#34;move-static-content-to-static&#34;&gt;Move static content to &lt;code&gt;static&lt;/code&gt;&lt;/h2&gt;

&lt;p&gt;Jekyll has a rule that any directory not starting with &lt;code&gt;_&lt;/code&gt; will be &lt;code&gt;k&lt;/code&gt; copied as-is to the &lt;code&gt;_site&lt;/code&gt; output. Hugo keeps all static content under &lt;code&gt;static&lt;/code&gt;. You should therefore move it all there.
With Jekyll, something that looked like&lt;/p&gt;

&lt;pre&gt;&lt;code&gt;▾ &amp;lt;root&amp;gt;/
    ▾ images/
        logo.png
&lt;/code&gt;&lt;/pre&gt;

&lt;p&gt;should become&lt;/p&gt;

&lt;pre&gt;&lt;code&gt;▾ &amp;lt;root&amp;gt;/
    ▾ static/
        ▾ images/
            logo.png
&lt;/code&gt;&lt;/pre&gt;

&lt;p&gt;Additionally, you&amp;rsquo;ll want any files that should reside at the root (such as &lt;code&gt;CNAME&lt;/code&gt;) to be moved to &lt;code&gt;static&lt;/code&gt;.&lt;/p&gt;

&lt;h2 id=&#34;fix-content&#34;&gt;Fix content&lt;/h2&gt;

&lt;p&gt;Depending on the amount of customization that was done for each post in Jekyll, this step will require more or less effort. There are no hard and fast rules here except that &lt;code&gt;hugo server --watch&lt;/code&gt; and the Hugo Academic example site are your friends. Test your changes and fix errors as needed.&lt;/p&gt;

&lt;h2 id=&#34;publish&#34;&gt;Publish&lt;/h2&gt;

&lt;p&gt;The default is for Jekyll to publish the website to a &lt;code&gt;_site&lt;/code&gt; directory, whereas Hugo publishes to a &lt;code&gt;public&lt;/code&gt; directory.&lt;/p&gt;

&lt;h2 id=&#34;a-practical-example&#34;&gt;A practical example&lt;/h2&gt;

&lt;p&gt;Alexandre Normand migrated his website from Jekyll to Hugo in less than a day. You can see all his changes by looking at this GitHub &lt;a href=&#34;https://github.com/alexandre-normand/alexandre-normand/compare/869d69435bd2665c3fbf5b5c78d4c22759d7613a...b7f6605b1265e83b4b81495423294208cc74d610&#34; target=&#34;_blank&#34;&gt;diff&lt;/a&gt;. However, bear in mind that this example is &lt;strong&gt;not specific to the Academic theme nor does it use the latest version of Hugo&lt;/strong&gt;.&lt;/p&gt;
</description>
    </item>
    
  </channel>
</rss>
