<?xml version="1.0" encoding="utf-8" standalone="yes" ?>
<rss version="2.0" xmlns:atom="http://www.w3.org/2005/Atom">
  <channel>
    <title>Hugo on Shweta Luthra</title>
    <link>https://shwelu.github.io/tags/hugo/</link>
    <description>Recent content in Hugo on Shweta Luthra</description>
    <generator>Hugo -- gohugo.io</generator>
    <language>en-us</language>
    <copyright>&amp;copy; 2017 Shweta Luthra</copyright>
    <lastBuildDate>Wed, 20 Apr 2016 12:00:00 +0000</lastBuildDate>
    <atom:link href="/tags/hugo/" rel="self" type="application/rss+xml" />
    
    <item>
      <title>Getting started with the Academic framework for Hugo</title>
      <link>https://shwelu.github.io/post/getting-started/</link>
      <pubDate>Wed, 20 Apr 2016 12:00:00 +0000</pubDate>
      
      <guid>https://shwelu.github.io/post/getting-started/</guid>
      <description>

&lt;p&gt;The Academic framework enables you to easily create a beautifully simple personal or academic website using the &lt;a href=&#34;https://gohugo.io&#34; target=&#34;_blank&#34;&gt;Hugo&lt;/a&gt; static site generator.&lt;/p&gt;

&lt;p&gt;Key features:&lt;/p&gt;

&lt;ul&gt;
&lt;li&gt;Easily manage your homepage, blog posts, publications, talks, and projects&lt;/li&gt;
&lt;li&gt;Configurable widgets available for Biography, Publications, Projects, News/Blog, Talks, and Contact&lt;/li&gt;
&lt;li&gt;Need a different section? Just use the Custom widget!&lt;/li&gt;
&lt;li&gt;Write in &lt;a href=&#34;&#34; target=&#34;_blank&#34;&gt;Markdown&lt;/a&gt; for easy formatting and code highlighting, with &lt;a href=&#34;https://en.wikibooks.org/wiki/LaTeX/Mathematics&#34; target=&#34;_blank&#34;&gt;LaTeX&lt;/a&gt; for mathematical expressions&lt;/li&gt;
&lt;li&gt;Social/academic network linking, &lt;a href=&#34;https://analytics.google.com&#34; target=&#34;_blank&#34;&gt;Google Analytics&lt;/a&gt;, and &lt;a href=&#34;https://disqus.com&#34; target=&#34;_blank&#34;&gt;Disqus&lt;/a&gt; comments&lt;/li&gt;
&lt;li&gt;Responsive and mobile friendly&lt;/li&gt;
&lt;li&gt;Simple and refreshing one page design&lt;/li&gt;
&lt;li&gt;Easy to customize&lt;/li&gt;
&lt;/ul&gt;

&lt;h2 id=&#34;installation&#34;&gt;Installation&lt;/h2&gt;

&lt;ol&gt;
&lt;li&gt;&lt;p&gt;&lt;a href=&#34;https://georgecushen.com/create-your-website-with-hugo/#installing-hugo&#34; target=&#34;_blank&#34;&gt;Install Hugo&lt;/a&gt; and create a new website by typing the following commands in your &lt;em&gt;Terminal&lt;/em&gt; or &lt;em&gt;Command Prompt&lt;/em&gt; app:&lt;/p&gt;

&lt;pre&gt;&lt;code&gt;hugo new site my_website
cd my_website
&lt;/code&gt;&lt;/pre&gt;&lt;/li&gt;

&lt;li&gt;&lt;p&gt;Install Academic with &lt;a href=&#34;https://help.github.com/articles/set-up-git/&#34; target=&#34;_blank&#34;&gt;git&lt;/a&gt;:&lt;/p&gt;

&lt;pre&gt;&lt;code&gt;git clone https://github.com/gcushen/hugo-academic.git themes/academic
&lt;/code&gt;&lt;/pre&gt;

&lt;p&gt;Or alternatively, &lt;a href=&#34;https://github.com/gcushen/hugo-academic/archive/master.zip&#34; target=&#34;_blank&#34;&gt;download Academic&lt;/a&gt; and extract it into a &lt;code&gt;themes/academic&lt;/code&gt; folder within your Hugo website.&lt;/p&gt;&lt;/li&gt;

&lt;li&gt;&lt;p&gt;If you are creating a new website, copy the contents of the &lt;code&gt;exampleSite&lt;/code&gt; folder to your website root folder, overwriting existing files if necessary. The &lt;code&gt;exampleSite&lt;/code&gt; folder contains an example config file and content to help you get started.&lt;/p&gt;

&lt;p&gt;cp -av themes/academic/exampleSite/* .&lt;/p&gt;&lt;/li&gt;

&lt;li&gt;&lt;p&gt;Start the Hugo server from your website root folder:&lt;/p&gt;

&lt;pre&gt;&lt;code&gt;hugo server --watch
&lt;/code&gt;&lt;/pre&gt;

&lt;p&gt;Now you can go to &lt;a href=&#34;http://localhost:1313&#34; target=&#34;_blank&#34;&gt;localhost:1313&lt;/a&gt; and your new Academic powered website should appear.&lt;/p&gt;&lt;/li&gt;

&lt;li&gt;&lt;p&gt;Customize your website - refer to the &lt;em&gt;Getting Started&lt;/em&gt; section below&lt;/p&gt;&lt;/li&gt;

&lt;li&gt;&lt;p&gt;Build your site by running the &lt;code&gt;hugo&lt;/code&gt; command. Then &lt;a href=&#34;https://georgecushen.com/create-your-website-with-hugo/&#34; target=&#34;_blank&#34;&gt;host it for free using Github Pages&lt;/a&gt;. Or alternatively, copy the generated &lt;code&gt;public/&lt;/code&gt; directory (by FTP, Rsync, etc.) to your production web server (such as your university&amp;rsquo;s hosting service).&lt;/p&gt;&lt;/li&gt;
&lt;/ol&gt;

&lt;h2 id=&#34;getting-started&#34;&gt;Getting Started&lt;/h2&gt;

&lt;p&gt;Assuming you created a new website with the example content following the installation steps above, this section explores just a few more steps in order to customize it.&lt;/p&gt;

&lt;h3 id=&#34;core-parameters&#34;&gt;Core parameters&lt;/h3&gt;

&lt;p&gt;The core parameters for the website can be edited in the &lt;code&gt;config.toml&lt;/code&gt; configuration file:&lt;/p&gt;

&lt;ul&gt;
&lt;li&gt;Set &lt;code&gt;baseurl&lt;/code&gt; to your website URL (we recommend &lt;a href=&#34;https://georgecushen.com/create-your-website-with-hugo/&#34; target=&#34;_blank&#34;&gt;GitHub Pages&lt;/a&gt; for free hosting)&lt;/li&gt;
&lt;li&gt;Set &lt;code&gt;title&lt;/code&gt; to your desired website title such as your name&lt;/li&gt;
&lt;li&gt;The example Disqus commenting variable should be cleared (e.g. &lt;code&gt;disqusShortname = &amp;quot;&amp;quot;&lt;/code&gt;) or set to your own &lt;a href=&#34;https://disqus.com/&#34; target=&#34;_blank&#34;&gt;Disqus&lt;/a&gt; shortname to enable commenting&lt;/li&gt;
&lt;li&gt;Edit your details under &lt;code&gt;[params]&lt;/code&gt;; these will be displayed mainly in the homepage &lt;em&gt;about&lt;/em&gt; and &lt;em&gt;contact&lt;/em&gt; widgets (if used). To disable a contact field, simply clear the value to &lt;code&gt;&amp;quot;&amp;quot;&lt;/code&gt;.&lt;/li&gt;
&lt;li&gt;Place a square cropped portrait photo named &lt;code&gt;portrait.jpg&lt;/code&gt; into the &lt;code&gt;static/img/&lt;/code&gt; folder, overwriting any defaults. Alternatively, you can edit the &lt;code&gt;avatar&lt;/code&gt; filepath to point to a different image name or clear the value to disable the avatar feature.&lt;/li&gt;
&lt;li&gt;To enable LaTeX math for your site, set &lt;code&gt;math = true&lt;/code&gt;&lt;/li&gt;
&lt;li&gt;Social/academic networking links are defined as multiples of &lt;code&gt;[[params.social]]&lt;/code&gt;. They can be created or deleted as necessary.&lt;/li&gt;
&lt;/ul&gt;

&lt;h3 id=&#34;introduce-yourself&#34;&gt;Introduce yourself&lt;/h3&gt;

&lt;p&gt;Edit your biography in the &lt;em&gt;about&lt;/em&gt; widget &lt;code&gt;content/home/about.md&lt;/code&gt; that you copied across from the &lt;code&gt;themes/academic/exampleSite/&lt;/code&gt; folder. The research interests and qualifications are stored as &lt;code&gt;interests&lt;/code&gt; and &lt;code&gt;education&lt;/code&gt; variables. The academic qualifications are defined as multiples of &lt;code&gt;[[education.courses]]&lt;/code&gt; and can be created or deleted as necessary. It&amp;rsquo;s possible to completely hide the interests and education lists by deleting their respective variables.&lt;/p&gt;

&lt;h3 id=&#34;customize-the-homepage&#34;&gt;Customize the homepage&lt;/h3&gt;

&lt;p&gt;Refer to our guide on using &lt;a href=&#34;https://shwelu.github.io/post/widgets/&#34; target=&#34;_blank&#34;&gt;widgets&lt;/a&gt; to customize your homepage.&lt;/p&gt;

&lt;h3 id=&#34;add-your-content&#34;&gt;Add your content&lt;/h3&gt;

&lt;p&gt;Refer to our guide on &lt;a href=&#34;&#34; target=&#34;_blank&#34;&gt;managing content&lt;/a&gt; to create your own publications, blog posts, talks, and projects.&lt;/p&gt;

&lt;h3 id=&#34;remove-unused-widgets-and-pages&#34;&gt;Remove unused widgets and pages&lt;/h3&gt;

&lt;p&gt;&lt;a href=&#34;&#34; target=&#34;_blank&#34;&gt;How to remove unused widgets and content pages&lt;/a&gt;.&lt;/p&gt;

&lt;h3 id=&#34;customization-upgrading&#34;&gt;Customization &amp;amp; Upgrading&lt;/h3&gt;

&lt;p&gt;Continue reading below for advanced customization tips and instructions for keeping the framework up-to-date with any improvements that become available.&lt;/p&gt;

&lt;h2 id=&#34;advanced-customization&#34;&gt;Advanced customization&lt;/h2&gt;

&lt;p&gt;It is possible to carry out many customizations without touching any files in &lt;code&gt;themes/academic&lt;/code&gt;, making it easier to upgrade the framework in the future.&lt;/p&gt;

&lt;h3 id=&#34;navigation-menu&#34;&gt;Navigation menu&lt;/h3&gt;

&lt;p&gt;The &lt;code&gt;[[menu.main]]&lt;/code&gt; entries towards the bottom of &lt;code&gt;config.toml&lt;/code&gt; define the navigation links at the top of the website. They can be added or removed as desired.&lt;/p&gt;

&lt;p&gt;To create a dropdown sub-menu, add &lt;code&gt;identifier = &amp;quot;something&amp;quot;&lt;/code&gt; to the parent item and &lt;code&gt;parent = &amp;quot;something&amp;quot;&lt;/code&gt; to the child item.&lt;/p&gt;

&lt;h3 id=&#34;website-icon&#34;&gt;Website icon&lt;/h3&gt;

&lt;p&gt;Save your main icon and mobile icon as square PNG images named &lt;code&gt;icon.png&lt;/code&gt; and &lt;code&gt;apple-touch-icon.png&lt;/code&gt;, respectively. Place them in your root &lt;code&gt;static/img/&lt;/code&gt; folder.&lt;/p&gt;

&lt;h3 id=&#34;theme-color-css&#34;&gt;Theme color (CSS)&lt;/h3&gt;

&lt;p&gt;You can link custom CSS assets (relative to your root &lt;code&gt;static/css&lt;/code&gt;) from your &lt;code&gt;config.toml&lt;/code&gt; using &lt;code&gt;custom_css = [&amp;quot;custom.css&amp;quot;]&lt;/code&gt;.&lt;/p&gt;

&lt;p&gt;For example, lets make a green theme. First, define &lt;code&gt;custom_css = [&amp;quot;green.css&amp;quot;]&lt;/code&gt; in &lt;code&gt;config.toml&lt;/code&gt;. Then we can download the example &lt;a href=&#34;https://gist.github.com/gcushen/d5525a4506b9ccf83f2bce592a895495&#34; target=&#34;_blank&#34;&gt;green theme&lt;/a&gt; and save it as &lt;code&gt;static/css/green.css&lt;/code&gt;, relative to your website root (i.e. &lt;strong&gt;not&lt;/strong&gt; in the &lt;code&gt;themes&lt;/code&gt; directory).&lt;/p&gt;

&lt;h3 id=&#34;analytics&#34;&gt;Analytics&lt;/h3&gt;

&lt;p&gt;To enable &lt;a href=&#34;http://www.google.com/analytics&#34; target=&#34;_blank&#34;&gt;Google Analytics&lt;/a&gt;, add your tracking code in &lt;code&gt;config.toml&lt;/code&gt; similarly to &lt;code&gt;googleAnalytics = &amp;quot;UA-12345678-9&amp;quot;&lt;/code&gt;.&lt;/p&gt;

&lt;h3 id=&#34;third-party-and-local-scripts-js&#34;&gt;Third party and local scripts (JS)&lt;/h3&gt;

&lt;p&gt;To add a third party script, create a file named &lt;code&gt;head_custom.html&lt;/code&gt; in a &lt;code&gt;layouts/partials/&lt;/code&gt; folder at the root of your website (not in the &lt;code&gt;themes&lt;/code&gt; folder). Any HTML code added to this file will be included within your website&amp;rsquo;s &lt;code&gt;&amp;lt;head&amp;gt;&lt;/code&gt;. Therefore, it&amp;rsquo;s suitable for adding custom metadata or third party scripts specified with the &lt;em&gt;async&lt;/em&gt; attribute.&lt;/p&gt;

&lt;p&gt;Whereas for your own local scripts, you can link your local JS assets (relative to your root &lt;code&gt;static/js&lt;/code&gt;) from your &lt;code&gt;config.toml&lt;/code&gt; using &lt;code&gt;custom_js  = [&amp;quot;custom.js&amp;quot;]&lt;/code&gt;.&lt;/p&gt;

&lt;h3 id=&#34;language-and-translation&#34;&gt;Language and translation&lt;/h3&gt;

&lt;p&gt;The interface text (e.g. buttons) is stored in language files which are collected from Academic&amp;rsquo;s &lt;code&gt;themes/academic/i18n/&lt;/code&gt; folder, as well as an &lt;code&gt;i18n/&lt;/code&gt; folder at the root of your project.&lt;/p&gt;

&lt;p&gt;To edit the interface text, copy &lt;code&gt;themes/academic/i18n/en.yaml&lt;/code&gt; to &lt;code&gt;i18n/en.yaml&lt;/code&gt; (relative to the root of your website). Open the new file and make any desired changes to the text appearing after &lt;code&gt;translation:&lt;/code&gt;. Note that the language files are formatted in YAML syntax.&lt;/p&gt;

&lt;p&gt;To translate the interface text to another language, follow the above instructions, but name the new file in the form &lt;code&gt;i18n/X.yaml&lt;/code&gt; where &lt;code&gt;X&lt;/code&gt; is the appropriate &lt;a href=&#34;http://www.w3schools.com/tags/ref_language_codes.asp&#34; target=&#34;_blank&#34;&gt;ISO/RFC5646 language identifier&lt;/a&gt; for the translation. Then follow the brief instructions in the &lt;em&gt;Language&lt;/em&gt; section at the bottom of your &lt;code&gt;config.toml&lt;/code&gt;. To change the default language used by Academic, set &lt;code&gt;defaultContentLanguage&lt;/code&gt; to the desired language identifier in your configuration file.&lt;/p&gt;

&lt;p&gt;To translate the navigation bar, you can edit the default &lt;code&gt;[[menu.main]]&lt;/code&gt; instances in &lt;code&gt;config.toml&lt;/code&gt;. However, for a multilingual site, you will need to duplicate all of the &lt;code&gt;[[menu.main]]&lt;/code&gt; instances and rename the new instances from &lt;code&gt;[[menu.main]]&lt;/code&gt; to &lt;code&gt;[[languages.X.menu.main]]&lt;/code&gt;, where &lt;code&gt;X&lt;/code&gt; is the language identifier (e.g. &lt;code&gt;[[languages.zh.menu.main]]&lt;/code&gt; for Simplified Chinese). Thus, the navigation bar can be displayed in multiple languages.&lt;/p&gt;

&lt;p&gt;To translate a content file in your &lt;code&gt;content/&lt;/code&gt; folder into another language, copy the file to &lt;code&gt;filename.X.md&lt;/code&gt; where &lt;code&gt;filename&lt;/code&gt; is your existing filename and &lt;code&gt;X&lt;/code&gt; is the appropriate &lt;a href=&#34;http://www.w3schools.com/tags/ref_language_codes.asp&#34; target=&#34;_blank&#34;&gt;ISO/RFC5646 language identifier&lt;/a&gt; for the translation. Then translate the content in the new file to the specified language.&lt;/p&gt;

&lt;p&gt;For further details on Hugo&amp;rsquo;s internationalization and multilingual features, refer to the &lt;a href=&#34;https://gohugo.io/content/multilingual/&#34; target=&#34;_blank&#34;&gt;associated Hugo documentation&lt;/a&gt;.&lt;/p&gt;

&lt;h3 id=&#34;permalinks&#34;&gt;Permalinks&lt;/h3&gt;

&lt;p&gt;&lt;em&gt;Permalinks&lt;/em&gt;, or &lt;em&gt;permanent links&lt;/em&gt;, are URLs to individual pages and posts on your website. They are permanent web addresses which can be used to link to your content. Using Hugo&amp;rsquo;s &lt;em&gt;permalinks&lt;/em&gt; option these can be easily customized. For example, the blog post URL can be changed to the form &lt;em&gt;yourURL/2016/05/01/my-post-slug&lt;/em&gt; by adding the following near the top of your &lt;code&gt;config.toml&lt;/code&gt; (before &lt;code&gt;[params]&lt;/code&gt; settings):&lt;/p&gt;

&lt;pre&gt;&lt;code&gt;[permalinks]
    post = &amp;quot;/:year/:month/:day/:slug&amp;quot;
&lt;/code&gt;&lt;/pre&gt;

&lt;p&gt;Where &lt;code&gt;:slug&lt;/code&gt; defaults to the filename of the post, excluding the file extension. However, slug may be overridden on a per post basis if desired, simply by setting &lt;code&gt;slug = &amp;quot;my-short-post-title&amp;quot;&lt;/code&gt; in your post preamble.&lt;/p&gt;

&lt;h2 id=&#34;upgrading&#34;&gt;Upgrading&lt;/h2&gt;

&lt;p&gt;Feel free to &lt;em&gt;star&lt;/em&gt; the project on &lt;a href=&#34;https://github.com/gcushen/hugo-academic/&#34; target=&#34;_blank&#34;&gt;Github&lt;/a&gt; and monitor the &lt;a href=&#34;https://github.com/gcushen/hugo-academic/commits/master&#34; target=&#34;_blank&#34;&gt;commits&lt;/a&gt; for updates.&lt;/p&gt;

&lt;p&gt;Before upgrading the framework, it is recommended to make a backup of your entire website directory, or at least your &lt;code&gt;themes/academic&lt;/code&gt; directory. You can also read about the &lt;a href=&#34;https://github.com/gcushen/hugo-academic/releases&#34; target=&#34;_blank&#34;&gt;most recent milestones&lt;/a&gt; (but this doesn&amp;rsquo;t necessarily reflect the latest &lt;em&gt;master&lt;/em&gt; release).&lt;/p&gt;

&lt;p&gt;Before upgrading for the first time, the remote &lt;em&gt;origin&lt;/em&gt; repository should be renamed to &lt;em&gt;upstream&lt;/em&gt;:&lt;/p&gt;

&lt;pre&gt;&lt;code&gt;$ cd themes/academic
$ git remote rename origin upstream
&lt;/code&gt;&lt;/pre&gt;

&lt;p&gt;To list available updates:&lt;/p&gt;

&lt;pre&gt;&lt;code&gt;$ cd themes/academic
$ git fetch upstream
$ git log --pretty=oneline --abbrev-commit --decorate HEAD..upstream/master
&lt;/code&gt;&lt;/pre&gt;

&lt;p&gt;Then, upgrade by running:&lt;/p&gt;

&lt;pre&gt;&lt;code&gt;$ git pull upstream
&lt;/code&gt;&lt;/pre&gt;

&lt;p&gt;If you have modified files in &lt;code&gt;themes/academic&lt;/code&gt;, git will attempt to auto-merge changes. If conflicts are reported, you will need to manually edit the files with conflicts and add them back (&lt;code&gt;git add &amp;lt;filename&amp;gt;&lt;/code&gt;).&lt;/p&gt;

&lt;p&gt;If there are any issues after upgrading, you may wish to compare your site with the latest &lt;a href=&#34;https://github.com/gcushen/hugo-academic/tree/master/exampleSite&#34; target=&#34;_blank&#34;&gt;example site&lt;/a&gt; to check if any settings changed.&lt;/p&gt;

&lt;h2 id=&#34;feedback-contributing&#34;&gt;Feedback &amp;amp; Contributing&lt;/h2&gt;

&lt;p&gt;Please use the &lt;a href=&#34;https://github.com/gcushen/hugo-academic/issues&#34; target=&#34;_blank&#34;&gt;issue tracker&lt;/a&gt; to let me know about any bugs or feature requests, or alternatively make a pull request.&lt;/p&gt;

&lt;p&gt;For general questions about Hugo, there is a &lt;a href=&#34;http://discuss.gohugo.io&#34; target=&#34;_blank&#34;&gt;Hugo discussion forum&lt;/a&gt;.&lt;/p&gt;

&lt;h2 id=&#34;license&#34;&gt;License&lt;/h2&gt;

&lt;p&gt;Copyright 2016 &lt;a href=&#34;https://georgecushen.com&#34; target=&#34;_blank&#34;&gt;George Cushen&lt;/a&gt;.&lt;/p&gt;

&lt;p&gt;Released under the &lt;a href=&#34;https://github.com/gcushen/hugo-academic/blob/master/LICENSE.md&#34; target=&#34;_blank&#34;&gt;MIT&lt;/a&gt; license.&lt;/p&gt;
</description>
    </item>
    
    <item>
      <title>Customizing the homepage with widgets</title>
      <link>https://shwelu.github.io/post/widgets/</link>
      <pubDate>Wed, 20 Apr 2016 11:00:00 +0000</pubDate>
      
      <guid>https://shwelu.github.io/post/widgets/</guid>
      <description>

&lt;p&gt;Homepage widgets display as sections on the homepage. They can be enabled/disabled and configured as desired. Academic has the following widgets available to use:&lt;/p&gt;

&lt;ul&gt;
&lt;li&gt;About/biography&lt;/li&gt;
&lt;li&gt;Selected publications&lt;/li&gt;
&lt;li&gt;Recent publications&lt;/li&gt;
&lt;li&gt;Recent news/blog posts&lt;/li&gt;
&lt;li&gt;Projects&lt;/li&gt;
&lt;li&gt;Selected talks&lt;/li&gt;
&lt;li&gt;Recent talks&lt;/li&gt;
&lt;li&gt;Contact&lt;/li&gt;
&lt;li&gt;Custom widget (demonstrated with the &lt;em&gt;teaching&lt;/em&gt; example)&lt;/li&gt;
&lt;/ul&gt;

&lt;p&gt;The example site that you copied to create your site uses all the different types of widget (except talks), so you can generally just delete the widgets you don&amp;rsquo;t need and customize the parameters of the widgets you wish to keep.&lt;/p&gt;

&lt;p&gt;The parameters for each widget vary. They can be found in the preamble/frontmatter (between the pair of &lt;code&gt;+++&lt;/code&gt;) for each widget installed in the &lt;code&gt;content/home/&lt;/code&gt; folder.&lt;/p&gt;

&lt;div class=&#34;alert alert-note&#34;&gt;
  &lt;p&gt;By default, publications will be displayed in a simple list. If you prefer a more detailed list with abstract and image, you can enable the detailed publication list on the homepage by setting &lt;code&gt;detailed_list = true&lt;/code&gt; in &lt;code&gt;content/home/publications.md&lt;/code&gt;.&lt;/p&gt;

&lt;/div&gt;


&lt;h2 id=&#34;add-a-widget-to-the-homepage&#34;&gt;Add a widget to the homepage&lt;/h2&gt;

&lt;p&gt;To add a widget manually, copy the relevant widget from &lt;code&gt;themes/academic/exampleSite/content/home/&lt;/code&gt; to your &lt;code&gt;content/home/&lt;/code&gt; folder.&lt;/p&gt;

&lt;p&gt;Widget identifiers are set to their respective filenames, so a &lt;code&gt;content/home/about.md&lt;/code&gt; widget can be linked from the navigation bar by setting the relevant URL as &lt;code&gt;&amp;quot;#about&amp;quot;&lt;/code&gt; in &lt;code&gt;config.toml&lt;/code&gt;.&lt;/p&gt;

&lt;p&gt;This means that if you want to use multiple instances of a widget, each widget will be assigned a unique ID based on the filename that you set. You can then use that ID for linking, like in the above example.&lt;/p&gt;

&lt;h2 id=&#34;using-the-custom-widget&#34;&gt;Using the custom widget&lt;/h2&gt;

&lt;p&gt;You can use the custom widget to create your own home page sections.&lt;/p&gt;

&lt;p&gt;Simply duplicate (copy/paste) and rename the example &lt;em&gt;teaching&lt;/em&gt; file at &lt;code&gt;content/home/teaching.md&lt;/code&gt;. Then edit the section title, weight (refer to &lt;em&gt;Ordering sections&lt;/em&gt; below), and content as desired.&lt;/p&gt;

&lt;p&gt;You may also wish to add a navigation link to the top of the page that points to the new section. This can be achieved by adding something similar to the following lines to your &lt;code&gt;config.toml&lt;/code&gt;, where the URL will consist of the first title word in lowercase:&lt;/p&gt;

&lt;pre&gt;&lt;code&gt;[[menu.main]]
    name = &amp;quot;Research&amp;quot;
    url = &amp;quot;#research&amp;quot;
    weight = 10
&lt;/code&gt;&lt;/pre&gt;

&lt;h2 id=&#34;remove-a-widget-from-the-homepage&#34;&gt;Remove a widget from the homepage&lt;/h2&gt;

&lt;p&gt;If you do not require a particular widget, you can simply delete any associated files from the &lt;code&gt;content/home/&lt;/code&gt; folder.&lt;/p&gt;

&lt;p&gt;To remove a navigation link from the top of the page, remove the associated &lt;code&gt;[[menu.main]]&lt;/code&gt; entry in &lt;code&gt;config.toml&lt;/code&gt;.&lt;/p&gt;

&lt;h2 id=&#34;ordering-widgets&#34;&gt;Ordering widgets&lt;/h2&gt;

&lt;p&gt;The order that the homepage widgets are displayed in is defined by the &lt;code&gt;weight&lt;/code&gt; parameter in each of the files in the &lt;code&gt;content/home/&lt;/code&gt; directory. The widgets are displayed in ascending order of their &lt;code&gt;weight&lt;/code&gt;, so you can simply edit the &lt;code&gt;weight&lt;/code&gt; parameters as desired.&lt;/p&gt;
</description>
    </item>
    
  </channel>
</rss>
