<?xml version="1.0" encoding="utf-8" standalone="yes" ?>
<rss version="2.0" xmlns:atom="http://www.w3.org/2005/Atom">
  <channel>
    <title>Tags on Shweta Luthra</title>
    <link>https://shwelu.github.io/tags/</link>
    <description>Recent content in Tags on Shweta Luthra</description>
    <generator>Hugo -- gohugo.io</generator>
    <language>en-us</language>
    <copyright>&amp;copy; 2017 Shweta Luthra</copyright>
    <lastBuildDate>Sun, 01 Jan 2017 00:00:00 +0000</lastBuildDate>
    <atom:link href="/tags/" rel="self" type="application/rss+xml" />
    
    <item>
      <title>Content tagged as &#39;Academic&#39;</title>
      <link>https://shwelu.github.io/tags/academic/</link>
      <pubDate>Sun, 01 Jan 2017 00:00:00 +0000</pubDate>
      
      <guid>https://shwelu.github.io/tags/academic/</guid>
      <description>&lt;p&gt;Here is a list of all the content that has been tagged as &lt;em&gt;academic&lt;/em&gt;.&lt;/p&gt;
</description>
    </item>
    
    <item>
      <title>Debian</title>
      <link>https://shwelu.github.io/tags/debian/</link>
      <pubDate>Mon, 17 Apr 2017 00:00:00 +0000</pubDate>
      
      <guid>https://shwelu.github.io/tags/debian/</guid>
      <description></description>
    </item>
    
    <item>
      <title>Julia</title>
      <link>https://shwelu.github.io/tags/julia/</link>
      <pubDate>Mon, 17 Apr 2017 00:00:00 +0000</pubDate>
      
      <guid>https://shwelu.github.io/tags/julia/</guid>
      <description></description>
    </item>
    
  </channel>
</rss>
